<?xml version="1.0" encoding="UTF-8" ?>
<!DOCTYPE mapper PUBLIC "-//mybatis.org//DTD Mapper 3.0//EN"
        "http://mybatis.org/dtd/mybatis-3-mapper.dtd">
<mapper namespace="com.cloud.file.dao.FileDao">

	<sql id="where">
		<where>
			<if test="name != null and name != ''">
				<bind name="_name" value="'%' + name + '%'"/>
				and t.name like #{_name}
			</if>
			<if test="beginTime != null and beginTime != ''">
				and t.createTime &gt;= #{beginTime}
			</if>
			<if test="endTime != null and endTime != ''">
				and DATE(t.createTime) &lt;= #{endTime}
			</if>
		</where>
	</sql>

	<select id="count" resultType="int">
		select count(*) from file_info t
		<include refid="where" />
	</select>

	<select id="findData" resultType="FileInfo">
		select * from file_info t
		<include refid="where" />
		order by t.createTime desc
		limit #{start}, #{length}
	</select>
</mapper>