<?xml version="1.0" encoding="UTF-8" ?>
<!DOCTYPE mapper PUBLIC "-//mybatis.org//DTD Mapper 3.0//EN"
        "http://mybatis.org/dtd/mybatis-3-mapper.dtd">
<mapper namespace="com.cloud.notification.dao.SmsDao">

	<update id="update">
		update t_sms
		<set>
			<if test="signName != null and signName != ''">
				signName = #{signName,jdbcType=VARCHAR},
			</if>
			<if test="templateCode != null and templateCode != ''">
				templateCode = #{templateCode,jdbcType=VARCHAR},
			</if>
			<if test="bizId != null and bizId != ''">
				bizId = #{bizId,jdbcType=VARCHAR},
			</if>
			<if test="code != null and code != ''">
				code = #{code,jdbcType=VARCHAR},
			</if>
			<if test="message != null and message != ''">
				message = #{message,jdbcType=VARCHAR},
			</if>
			<if test="updateTime != null">
				updateTime = #{updateTime,jdbcType=TIMESTAMP},
			</if>
		</set>
		where id = #{id,jdbcType=INTEGER}
	</update>
	
	<sql id="where">
		<where>
			<if test="phone != null and phone != ''">
				and t.phone = #{phone}
			</if>
		</where>
	</sql>
	<select id="count" resultType="int">
		select count(*) from t_sms t
		<include refid="where" />
	</select>

	<select id="findData" resultType="Sms">
		select * from t_sms t
		<include refid="where" />
		order by t.createTime desc
		limit #{start}, #{length}
	</select>
</mapper>