<?xml version="1.0" encoding="UTF-8" ?>
<!DOCTYPE mapper PUBLIC "-//mybatis.org//DTD Mapper 3.0//EN"
        "http://mybatis.org/dtd/mybatis-3-mapper.dtd">
<mapper namespace="com.cloud.user.dao.AppUserDao">

	<update id="update">
		update app_user
		<set>
			<if test="password != null and password != ''">
				password = #{password,jdbcType=VARCHAR},
			</if>
			<if test="nickname != null and nickname != ''">
				nickname = #{nickname,jdbcType=VARCHAR},
			</if>
			<if test="headImgUrl != null and headImgUrl != ''">
				headImgUrl = #{headImgUrl,jdbcType=VARCHAR},
			</if>
			<if test="phone != null and phone != ''">
				phone = #{phone,jdbcType=VARCHAR},
			</if>
			<if test="sex != null">
				sex = #{sex,jdbcType=BIT},
			</if>
			<if test="enabled != null">
				enabled = #{enabled,jdbcType=BIT},
			</if>
			<if test="updateTime != null">
				updateTime = #{updateTime,jdbcType=TIMESTAMP},
			</if>
		</set>
		where id = #{id,jdbcType=INTEGER}
	</update>

	<sql id="where">
		<where>
			<if test="username != null and username != ''">
				<bind name="_username" value="'%' + username + '%'"/>
				and t.username like #{_username}
			</if>
			<if test="nickname != null and nickname != ''">
				<bind name="_nickname" value="'%' + nickname + '%'"/>
				and t.nickname like #{_nickname}
			</if>
			<if test="enabled != null and enabled != ''">
				and t.enabled = #{enabled}
			</if>
			<if test="type != null and type != ''">
				and t.type = #{type}
			</if>
		</where>
	</sql>
	<select id="count" resultType="int">
		select count(*) from app_user t
		<include refid="where" />
	</select>

	<select id="findData" resultType="AppUser">
		select * from app_user t
		<include refid="where" />
		order by t.id desc
		limit #{start}, #{length}
	</select>
</mapper>