<?xml version="1.0" encoding="UTF-8" ?>
<!DOCTYPE mapper PUBLIC "-//mybatis.org//DTD Mapper 3.0//EN"
        "http://mybatis.org/dtd/mybatis-3-mapper.dtd">
<mapper namespace="com.cloud.backend.dao.RoleMenuDao">

	<update id="delete">
		delete from role_menu
		<where>
			<if test="roleId != null">
				and roleId = #{roleId}
			</if>
			<if test="menuId != null">
				and menuId = #{menuId}
			</if>
		</where>
	</update>

	<select id="findMenusByRoleIds" resultType="Menu">
		select t.* from menu t
		inner join role_menu r on r.menuId = t.id
		where
		r.roleId in
		<foreach collection="roleIds" index="index" item="roleId"
			open="(" separator="," close=")">
			#{roleId}
		</foreach>
	</select>
</mapper>